id,first_name,last_name,email,gender,country
1,Brena,Baterip,bbaterip0@ustream.tv,Female,France
2,Fernando,Bartolomeazzi,fbartolomeazzi1@samsung.com,Male,South Africa
3,Fiona,Rosi,frosi2@tamu.edu,Female,Ethiopia
4,Erl,Brayfield,ebrayfield3@wunderground.com,Male,Ukraine
5,Mikey,Bourgaize,mbourgaize4@utexas.edu,Male,Czech Republic
6,Mollee,Godfroy,mgodfroy5@techcrunch.com,Female,China
7,Vickie,Dominicacci,vdominicacci6@unicef.org,Female,Indonesia
8,Galen,MacNalley,gmacnalley7@amazon.co.jp,Male,China
9,Alexia,Lazenby,alazenby8@ox.ac.uk,Female,Belize
10,Brew,Pittford,bpittford9@sourceforge.net,Male,France
11,Sophi,Guidera,sguideraa@php.net,Female,China
12,Fallon,Dabourne,fdabourneb@homestead.com,Female,China
13,Inessa,Bardsley,ibardsleyc@wordpress.org,Female,Sweden
14,Micah,Janse,mjansed@tuttocitta.it,Male,Ireland
15,Caroljean,Yesson,cyessone@salon.com,Female,Argentina
16,Jeannette,Bunning,jbunningf@hibu.com,Female,Greece
17,Annamaria,Radoux,aradouxg@springer.com,Female,Ukraine
18,Parsifal,Tregidga,ptregidgah@mapquest.com,Male,Brazil
19,Rebekah,Dumberell,rdumberelli@uol.com.br,Female,Slovenia
20,Hazlett,Fitzmaurice,hfitzmauricej@linkedin.com,Male,United States
21,Babs,Milley,bmilleyk@senate.gov,Female,Russia
22,Dorelle,Randle,drandlel@hhs.gov,Female,Mexico
23,Kathye,Palay,kpalaym@squidoo.com,Female,Philippines
24,Pearla,Gilhoolie,pgilhoolien@flavors.me,Female,Czech Republic
25,Coop,Riepl,crieplo@unesco.org,Male,Colombia
26,Morey,Clapham,mclaphamp@cdbaby.com,Male,Russia
27,Cornell,Skeffington,cskeffingtonq@theatlantic.com,Male,Japan
28,Birgitta,Caines,bcainesr@drupal.org,Female,Uzbekistan
29,Kristi,Feary,kfearys@eventbrite.com,Female,Portugal
30,Robinette,Regenhardt,rregenhardtt@cbslocal.com,Female,China
31,Bucky,Garlic,bgarlicu@dot.gov,Male,France
32,Hilario,Endean,hendeanv@linkedin.com,Male,Indonesia
33,Berkley,MacFadzean,bmacfadzeanw@squidoo.com,Male,Sweden
34,Penni,Gaitone,pgaitonex@latimes.com,Female,Sri Lanka
35,Nicolais,Hurler,nhurlery@google.it,Male,Sweden
36,Fay,Gillham,fgillhamz@cam.ac.uk,Female,Morocco
37,Herta,Sarton,hsarton10@upenn.edu,Female,Poland
38,Lanna,Ambrosoli,lambrosoli11@usatoday.com,Female,China
39,Giovanna,Flement,gflement12@mediafire.com,Female,Colombia
40,Dre,Huccaby,dhuccaby13@wikia.com,Female,Indonesia
41,Aime,Attle,aattle14@vinaora.com,Female,Albania
42,Fiorenze,Ledley,fledley15@boston.com,Female,Bulgaria
43,Fee,Coale,fcoale16@seattletimes.com,Male,United States
44,Paige,Halwell,phalwell17@slashdot.org,Male,Georgia
45,Lorrayne,Tringham,ltringham18@google.pl,Female,Mexico
46,Kate,Ladyman,kladyman19@surveymonkey.com,Female,China
47,Prudi,Bromwich,pbromwich1a@usda.gov,Female,Paraguay
48,Langsdon,Hitzke,lhitzke1b@noaa.gov,Male,France
49,Lisbeth,Belin,lbelin1c@sbwire.com,Female,China
50,Carolus,O'Reilly,coreilly1d@indiegogo.com,Male,Indonesia
51,Izabel,Quimby,iquimby1e@wufoo.com,Female,Czech Republic
52,Beck,Gouldie,bgouldie1f@usa.gov,Male,France
53,Elijah,Ailward,eailward1g@icq.com,Male,Russia
54,Olly,Olekhov,oolekhov1h@youku.com,Female,Mauritius
55,Bennett,Seedhouse,bseedhouse1i@fastcompany.com,Male,Dominican Republic
56,Mag,Moreland,mmoreland1j@cafepress.com,Female,Belarus
57,Paolina,Shellcross,pshellcross1k@jiathis.com,Female,Venezuela
58,Winfield,Di Claudio,wdiclaudio1l@mail.ru,Male,Sweden
59,Ivie,Koubek,ikoubek1m@imageshack.us,Female,Brazil
60,Paulie,Mowday,pmowday1n@businesswire.com,Female,China
61,Tonye,Garnsworthy,tgarnsworthy1o@engadget.com,Female,China
62,Toby,Fairpool,tfairpool1p@ftc.gov,Female,Poland
63,Gabriello,Eunson,geunson1q@guardian.co.uk,Male,Brazil
64,Deerdre,Steinor,dsteinor1r@oracle.com,Female,Vietnam
65,Harriot,Stutte,hstutte1s@com.com,Female,Indonesia
66,Crissie,Gunda,cgunda1t@surveymonkey.com,Female,Brazil
67,Oswald,Liddiard,oliddiard1u@usnews.com,Male,Brazil
68,Luisa,Langcastle,llangcastle1v@umich.edu,Female,Russia
69,Tonya,Yaknov,tyaknov1w@dot.gov,Female,China
70,Helsa,Quibell,hquibell1x@squidoo.com,Female,Japan
71,Sallyanne,Skelhorne,sskelhorne1y@51.la,Female,Argentina
72,Francine,Pucknell,fpucknell1z@sitemeter.com,Female,Argentina
73,Marian,Gatchell,mgatchell20@europa.eu,Female,South Africa
74,Cozmo,Fewtrell,cfewtrell21@salon.com,Male,China
75,Bernardo,Cottey,bcottey22@csmonitor.com,Male,Vietnam
76,Jamaal,Patzelt,jpatzelt23@pen.io,Male,Bangladesh
77,Tuck,Giacobo,tgiacobo24@amazon.co.uk,Male,China
78,Emmalyn,Sarle,esarle25@weibo.com,Female,Indonesia
79,Godard,Walklate,gwalklate26@wikispaces.com,Male,Brazil
80,Leora,Kohter,lkohter27@amazon.co.jp,Female,Poland
81,Chet,MacGray,cmacgray28@pen.io,Male,Niger
82,Blanca,Lamping,blamping29@earthlink.net,Female,China
83,Flora,Emeny,femeny2a@nasa.gov,Female,Niger
84,Jany,Speer,jspeer2b@stanford.edu,Female,Russia
85,Augie,Andriuzzi,aandriuzzi2c@addtoany.com,Male,Madagascar
86,Roz,Holme,rholme2d@msu.edu,Female,China
87,Erasmus,Hatliffe,ehatliffe2e@mayoclinic.com,Male,Brazil
88,Evvy,Cocke,ecocke2f@behance.net,Female,Mexico
89,Lotti,Littlejohn,llittlejohn2g@sogou.com,Female,Sweden
90,Shepherd,Megarrell,smegarrell2h@senate.gov,Male,France
91,Alane,Suttill,asuttill2i@miitbeian.gov.cn,Female,Paraguay
92,Sibella,Masterton,smasterton2j@addtoany.com,Female,Madagascar
93,Rosanna,McKearnen,rmckearnen2k@kickstarter.com,Female,China
94,Pris,Calafate,pcalafate2l@nydailynews.com,Female,Indonesia
95,Udale,Sommerled,usommerled2m@jigsy.com,Male,Russia
96,Thomas,Ranns,tranns2n@un.org,Male,China
97,Rani,MacVicar,rmacvicar2o@princeton.edu,Female,Sweden
98,Marcela,Winteringham,mwinteringham2p@cornell.edu,Female,Ukraine
99,Scottie,Rehor,srehor2q@furl.net,Male,Indonesia
100,Hurlee,Vacher,hvacher2r@europa.eu,Male,Greece
101,Issie,Lindelof,ilindelof2s@stanford.edu,Female,South Korea
102,Karisa,Patshull,kpatshull2t@macromedia.com,Female,Russia
103,Kele,Slowgrave,kslowgrave2u@theatlantic.com,Male,Indonesia
104,Stuart,Dubois,sdubois2v@scribd.com,Male,Poland
105,Horten,Critch,hcritch2w@wired.com,Male,United States
106,Anya,Cradock,acradock2x@tripod.com,Female,Indonesia
107,Enriqueta,Dowsing,edowsing2y@cafepress.com,Female,China
108,Niven,Camble,ncamble2z@pen.io,Male,Syria
109,Martie,Noe,mnoe30@eventbrite.com,Male,Greece
110,Bonnibelle,Parkey,bparkey31@themeforest.net,Female,Brazil
111,Harald,Leyman,hleyman32@ifeng.com,Male,Indonesia
112,Latia,Mallaby,lmallaby33@google.com.hk,Female,Norway
113,Siana,Bowller,sbowller34@umn.edu,Female,China
114,Benson,Rollett,brollett35@cdbaby.com,Male,Ukraine
115,Tandie,Mattys,tmattys36@reverbnation.com,Female,United States
116,Winnah,Vowles,wvowles37@ftc.gov,Female,Portugal
117,Yolanthe,Bernasek,ybernasek38@cbsnews.com,Female,Indonesia
118,Robinet,Yoell,ryoell39@ehow.com,Female,Finland
119,Jessie,Sheriff,jsheriff3a@moonfruit.com,Female,Mongolia
120,Isadora,Sigsworth,isigsworth3b@ask.com,Female,Indonesia
121,Corri,Capes,ccapes3c@marketwatch.com,Female,Greece
122,Antonie,Hendrikse,ahendrikse3d@goo.gl,Female,France
123,Mehetabel,Colles,mcolles3e@nifty.com,Female,Ukraine
124,Reena,Dinneen,rdinneen3f@bloglines.com,Female,Russia
125,Hube,Chard,hchard3g@shop-pro.jp,Male,Nigeria
126,Harmonia,McPhail,hmcphail3h@nsw.gov.au,Female,Somalia
127,Barthel,Skully,bskully3i@cpanel.net,Male,China
128,Gallard,Mossop,gmossop3j@ow.ly,Male,Sweden
129,Trixie,Shawyers,tshawyers3k@webeden.co.uk,Female,Dominican Republic
130,Clari,Bedrosian,cbedrosian3l@deliciousdays.com,Female,Czech Republic
131,Hersh,Allott,hallott3m@meetup.com,Male,Poland
132,Thea,Hurrell,thurrell3n@timesonline.co.uk,Female,Indonesia
133,Solly,Renad,srenad3o@umn.edu,Male,Slovenia
134,Virgina,Fernyhough,vfernyhough3p@mysql.com,Female,Armenia
135,Nonie,Latey,nlatey3q@ft.com,Female,China
136,Nicky,Coggin,ncoggin3r@house.gov,Male,Poland
137,Emery,Saterweyte,esaterweyte3s@wikia.com,Male,China
138,Hedwiga,Barmby,hbarmby3t@bluehost.com,Female,Zambia
139,Diann,Bawdon,dbawdon3u@wikipedia.org,Female,Philippines
140,Willard,Edgell,wedgell3v@t.co,Male,Egypt
141,Biddie,Skehens,bskehens3w@who.int,Female,Albania
142,Jonah,McKevitt,jmckevitt3x@ihg.com,Male,China
143,Bartholomeo,Rentelll,brentelll3y@ycombinator.com,Male,China
144,Vince,Robertz,vrobertz3z@opensource.org,Male,Russia
145,Forrester,Huetson,fhuetson40@drupal.org,Male,Tunisia
146,Bird,Brough,bbrough41@angelfire.com,Female,United States
147,Jedidiah,Gillani,jgillani42@businessinsider.com,Male,Indonesia
148,Maible,McHaffy,mmchaffy43@qq.com,Female,Netherlands
149,Krystle,Kubista,kkubista44@homestead.com,Female,Luxembourg
150,Cord,Thulborn,cthulborn45@microsoft.com,Male,Philippines
151,Babette,Filip,bfilip46@goo.ne.jp,Female,Sierra Leone
152,Maudie,McGriele,mmcgriele47@usgs.gov,Female,Brazil
153,Darryl,Burnep,dburnep48@ibm.com,Female,China
154,Washington,O'Dooghaine,wodooghaine49@networksolutions.com,Male,North Korea
155,Berrie,Hamlin,bhamlin4a@baidu.com,Female,United States
156,Brynn,Troughton,btroughton4b@statcounter.com,Female,Yemen
157,Caprice,Antunes,cantunes4c@about.com,Female,Bahrain
158,Celinka,Churn,cchurn4d@homestead.com,Female,Egypt
159,Terrance,Backshill,tbackshill4e@ezinearticles.com,Male,Thailand
160,Evangelia,Copestake,ecopestake4f@boston.com,Female,China
161,Bunnie,Machen,bmachen4g@about.me,Female,Ireland
162,Jeromy,Blackesland,jblackesland4h@mayoclinic.com,Male,Brazil
163,Erinna,McKeller,emckeller4i@google.com.hk,Female,Georgia
164,Florence,Ghidoni,fghidoni4j@opensource.org,Female,Poland
165,Celie,Daye,cdaye4k@sun.com,Female,China
166,Jermayne,Cready,jcready4l@stanford.edu,Male,Tanzania
167,Kellia,Kealey,kkealey4m@nytimes.com,Female,Iran
168,Wanda,Hamshar,whamshar4n@bbb.org,Female,Indonesia
169,Brigit,Phorsby,bphorsby4o@scientificamerican.com,Female,Philippines
170,Celestine,Shooter,cshooter4p@omniture.com,Female,Mexico
171,Cristionna,Fairfoull,cfairfoull4q@g.co,Female,Iran
172,Arabele,Rennison,arennison4r@infoseek.co.jp,Female,Indonesia
173,Rina,Waywell,rwaywell4s@webs.com,Female,China
174,Ilise,Finlason,ifinlason4t@theglobeandmail.com,Female,Indonesia
175,Travus,Spiteri,tspiteri4u@infoseek.co.jp,Male,Finland
176,Milissent,Tewelson,mtewelson4v@123-reg.co.uk,Female,France
177,Katuscha,Poletto,kpoletto4w@cdc.gov,Female,China
178,Lesley,Stennet,lstennet4x@theguardian.com,Male,Brazil
179,Brody,Harry,bharry4y@theatlantic.com,Male,China
180,Niles,Goodey,ngoodey4z@163.com,Male,Chile
181,Allianora,Cafferty,acafferty50@fda.gov,Female,France
182,Deck,Mathews,dmathews51@xinhuanet.com,Male,Ireland
183,Valentia,Sant,vsant52@amazonaws.com,Female,Afghanistan
184,Lowrance,McKinnon,lmckinnon53@cnet.com,Male,United States
185,Bonni,Godman,bgodman54@blogspot.com,Female,France
186,Vittoria,Gillinghams,vgillinghams55@unblog.fr,Female,China
187,Lenna,Cullnean,lcullnean56@mlb.com,Female,Albania
188,Conrade,Marval,cmarval57@furl.net,Male,Myanmar
189,Dorette,Bloyes,dbloyes58@vinaora.com,Female,Bangladesh
190,Hermie,Hagston,hhagston59@prweb.com,Male,China
191,Darin,Bunney,dbunney5a@sun.com,Male,Argentina
192,Zack,Denyer,zdenyer5b@cnbc.com,Male,Oman
193,Christoph,Starrs,cstarrs5c@nymag.com,Male,Vietnam
194,Stinky,Saye,ssaye5d@sourceforge.net,Male,China
195,Carline,Tampling,ctampling5e@sakura.ne.jp,Female,Indonesia
196,Theda,Baigrie,tbaigrie5f@cdc.gov,Female,Brazil
197,Noe,Faithorn,nfaithorn5g@tiny.cc,Male,Armenia
198,Welsh,Traviss,wtraviss5h@plala.or.jp,Male,China
199,Iago,Tanfield,itanfield5i@squidoo.com,Male,France
200,Kamila,Round,kround5j@unc.edu,Female,Greece
201,Corinna,Tibalt,ctibalt5k@list-manage.com,Female,China
202,Devonna,Rowthorn,drowthorn5l@linkedin.com,Female,Ukraine
203,Filmore,Cristofol,fcristofol5m@simplemachines.org,Male,South Africa
204,Shaun,Filipic,sfilipic5n@1und1.de,Male,Indonesia
205,Ettore,Fairley,efairley5o@histats.com,Male,Argentina
206,Melisse,Wyon,mwyon5p@slate.com,Female,China
207,Kasper,Hartfleet,khartfleet5q@msn.com,Male,Indonesia
208,Chickie,Paynter,cpaynter5r@ustream.tv,Female,Nigeria
209,Karena,Flaunders,kflaunders5s@constantcontact.com,Female,China
210,Karlens,Fairham,kfairham5t@issuu.com,Male,Indonesia
211,Consolata,Terbeek,cterbeek5u@illinois.edu,Female,Moldova
212,Courtnay,Enden,cenden5v@blinklist.com,Male,Czech Republic
213,Cinnamon,Songer,csonger5w@storify.com,Female,China
214,Cirillo,Lockey,clockey5x@w3.org,Male,Bulgaria
215,Zaccaria,Guthrie,zguthrie5y@adobe.com,Male,Thailand
216,Margaretha,Pinchback,mpinchback5z@xrea.com,Female,Colombia
217,Wilbert,Loseke,wloseke60@cpanel.net,Male,China
218,Nelly,Horsted,nhorsted61@ft.com,Female,China
219,Cosetta,Reddlesden,creddlesden62@constantcontact.com,Female,France
220,Adan,Burchall,aburchall63@tripadvisor.com,Female,Tajikistan
221,Marlin,Ruslen,mruslen64@cam.ac.uk,Male,Lithuania
222,Iosep,Kenrack,ikenrack65@live.com,Male,Bosnia and Herzegovina
223,Isador,Gibberd,igibberd66@exblog.jp,Male,Poland
224,Fifi,Coase,fcoase67@soundcloud.com,Female,France
225,Etty,Whether,ewhether68@dmoz.org,Female,China
226,Chase,Seres,cseres69@bbc.co.uk,Male,Japan
227,Kimberlee,Brooksbie,kbrooksbie6a@mapy.cz,Female,Spain
228,Barth,Killner,bkillner6b@rambler.ru,Male,Czech Republic
229,Leoine,Figgins,lfiggins6c@usnews.com,Female,Poland
230,Ashlan,Frodsam,afrodsam6d@sourceforge.net,Female,Benin
231,Bev,Emanuelov,bemanuelov6e@blinklist.com,Male,Russia
232,Issy,Tait,itait6f@nationalgeographic.com,Female,China
233,Jane,Tombs,jtombs6g@edublogs.org,Female,Russia
234,Aveline,Rampage,arampage6h@phoca.cz,Female,China
235,Cammy,Andrei,candrei6i@i2i.jp,Female,Poland
236,Eleanor,McPeake,emcpeake6j@phpbb.com,Female,Poland
237,Daron,Miall,dmiall6k@webs.com,Male,China
238,Hinze,Minelli,hminelli6l@reuters.com,Male,China
239,Sharla,Denisevich,sdenisevich6m@reverbnation.com,Female,China
240,Rudie,Pavlovic,rpavlovic6n@ebay.co.uk,Male,Indonesia
241,Mariejeanne,Dunsmore,mdunsmore6o@pcworld.com,Female,China
242,Alecia,Rape,arape6p@cargocollective.com,Female,Slovenia
243,Paxon,Morefield,pmorefield6q@statcounter.com,Male,Croatia
244,Selig,Digginson,sdigginson6r@cbslocal.com,Male,China
245,Lon,Legier,llegier6s@plala.or.jp,Male,United States
246,Guenevere,Quarrell,gquarrell6t@bizjournals.com,Female,Japan
247,Jan,Benoey,jbenoey6u@altervista.org,Male,China
248,Murray,Blackborne,mblackborne6v@alexa.com,Male,Afghanistan
249,Edik,Sentance,esentance6w@vinaora.com,Male,Poland
250,Lalo,Syversen,lsyversen6x@tinypic.com,Male,China
251,Roxi,Cannan,rcannan6y@whitehouse.gov,Female,Indonesia
252,Fedora,Dast,fdast6z@icio.us,Female,China
253,Elaine,Stilly,estilly70@nifty.com,Female,Madagascar
254,Forrest,Junkinson,fjunkinson71@pen.io,Male,Indonesia
255,Dora,Higgoe,dhiggoe72@sciencedirect.com,Female,Poland
256,Lisette,Lanfear,llanfear73@mlb.com,Female,France
257,Lilia,Bohl,lbohl74@imdb.com,Female,Yemen
258,Isabelle,Cooney,icooney75@china.com.cn,Female,France
259,Holly-anne,Crix,hcrix76@purevolume.com,Female,Russia
260,Alli,Jouanny,ajouanny77@cdc.gov,Female,Chile
261,Brucie,Lobb,blobb78@flickr.com,Male,United Arab Emirates
262,Benyamin,Walkden,bwalkden79@nbcnews.com,Male,Spain
263,Courtney,Cale,ccale7a@about.com,Male,Russia
264,Ly,Fatharly,lfatharly7b@reference.com,Male,Portugal
265,Eduino,Bowles,ebowles7c@home.pl,Male,Indonesia
266,Alia,Assur,aassur7d@deliciousdays.com,Female,China
267,Shandee,Blackmoor,sblackmoor7e@privacy.gov.au,Female,France
268,Quinlan,Gilham,qgilham7f@t.co,Male,Sweden
269,Yettie,Schinetti,yschinetti7g@sakura.ne.jp,Female,Vietnam
270,Joann,Warren,jwarren7h@tmall.com,Female,China
271,Rice,Scarce,rscarce7i@amazon.co.uk,Male,Russia
272,Rawley,Wheelwright,rwheelwright7j@oaic.gov.au,Male,Brazil
273,Sigfried,Kobel,skobel7k@opera.com,Male,Ireland
274,Jermaine,Winmill,jwinmill7l@parallels.com,Male,China
275,Morganica,Backler,mbackler7m@imdb.com,Female,China
276,Angelina,Tewkesberry,atewkesberry7n@usda.gov,Female,China
277,Witty,Strangwood,wstrangwood7o@army.mil,Male,China
278,Stefano,Mumby,smumby7p@digg.com,Male,Brazil
279,Avery,Wanklyn,awanklyn7q@nasa.gov,Male,Indonesia
280,Dodie,Rosenauer,drosenauer7r@livejournal.com,Female,Japan
281,Cirstoforo,Broggio,cbroggio7s@amazon.com,Male,Armenia
282,Marcelline,Langdridge,mlangdridge7t@youtu.be,Female,Peru
283,Jori,Serrell,jserrell7u@mit.edu,Female,South Africa
284,Berk,Glenton,bglenton7v@epa.gov,Male,Finland
285,Naoma,Peakman,npeakman7w@huffingtonpost.com,Female,China
286,Vidovic,Kane,vkane7x@craigslist.org,Male,China
287,Reuven,Pering,rpering7y@seesaa.net,Male,Saudi Arabia
288,Josi,Haken,jhaken7z@g.co,Female,Portugal
289,Shea,Trembey,strembey80@networkadvertising.org,Female,China
290,Evelyn,Brereton,ebrereton81@google.de,Female,Portugal
291,Vance,Footitt,vfootitt82@etsy.com,Male,Indonesia
292,Garret,Normanvill,gnormanvill83@is.gd,Male,China
293,Tandy,Pulman,tpulman84@seesaa.net,Female,China
294,Neel,Arundale,narundale85@cbc.ca,Male,Japan
295,Marmaduke,Belson,mbelson86@vimeo.com,Male,Indonesia
296,Prinz,Klimochkin,pklimochkin87@goo.gl,Male,China
297,Arri,Shayler,ashayler88@example.com,Male,Mauritius
298,Clim,Demageard,cdemageard89@rediff.com,Male,China
299,Brandice,Saller,bsaller8a@yale.edu,Female,Philippines
300,Archer,Reddy,areddy8b@pagesperso-orange.fr,Male,China
301,Juan,Dumper,jdumper8c@usgs.gov,Male,Indonesia
302,Shelagh,Paszak,spaszak8d@networksolutions.com,Female,China
303,Dorice,Macci,dmacci8e@fastcompany.com,Female,Canada
304,Coralyn,Outridge,coutridge8f@blogspot.com,Female,United States
305,Gracia,Lotze,glotze8g@usda.gov,Female,France
306,Franciska,Holehouse,fholehouse8h@harvard.edu,Female,China
307,Eugine,Drakard,edrakard8i@scribd.com,Female,Indonesia
308,Manolo,Climer,mclimer8j@hibu.com,Male,Indonesia
309,Haven,Knipe,hknipe8k@blogs.com,Male,Philippines
310,Dot,Featherston,dfeatherston8l@state.tx.us,Female,Russia
311,Hyman,Gymlett,hgymlett8m@feedburner.com,Male,Pakistan
312,Emlynne,Lemanu,elemanu8n@nytimes.com,Female,China
313,Elena,McCaughan,emccaughan8o@php.net,Female,Canada
314,Joscelin,Trevithick,jtrevithick8p@nationalgeographic.com,Female,Indonesia
315,Vlad,Crinson,vcrinson8q@baidu.com,Male,Albania
316,Ginelle,Eidelman,geidelman8r@creativecommons.org,Female,China
317,Elton,Dottrell,edottrell8s@dagondesign.com,Male,Japan
318,Orelee,Rook,orook8t@paypal.com,Female,Argentina
319,Lazaro,Ledward,lledward8u@bloglovin.com,Male,Canada
320,Kelbee,Matthieson,kmatthieson8v@vinaora.com,Male,Czech Republic
321,Alvan,Gyves,agyves8w@zimbio.com,Male,China
322,Ludwig,Hartburn,lhartburn8x@privacy.gov.au,Male,Portugal
323,Burnard,Mullinger,bmullinger8y@nsw.gov.au,Male,Poland
324,Wheeler,Goodlip,wgoodlip8z@shareasale.com,Male,Ukraine
325,Ambrosio,Ions,aions90@berkeley.edu,Male,Portugal
326,Elena,Haggus,ehaggus91@ihg.com,Female,Philippines
327,Frederigo,Neal,fneal92@symantec.com,Male,Colombia
328,Ase,John,ajohn93@vk.com,Male,Croatia
329,Catrina,Cullabine,ccullabine94@eventbrite.com,Female,Czech Republic
330,Alanna,Cremen,acremen95@mlb.com,Female,Peru
331,Gram,Tollett,gtollett96@plala.or.jp,Male,China
332,Sylvia,Buttel,sbuttel97@wp.com,Female,China
333,Mala,Yitzhakov,myitzhakov98@shinystat.com,Female,Malaysia
334,Jamill,Whitman,jwhitman99@auda.org.au,Male,Japan
335,Lulu,Kirman,lkirman9a@gizmodo.com,Female,Poland
336,Fitz,Zolini,fzolini9b@alexa.com,Male,China
337,Bernardina,Haughian,bhaughian9c@ox.ac.uk,Female,Venezuela
338,Adi,Titmuss,atitmuss9d@hubpages.com,Female,Thailand
339,Alvin,Janku,ajanku9e@ask.com,Male,Indonesia
340,Ber,Broughton,bbroughton9f@exblog.jp,Male,Indonesia
341,Carny,Gunderson,cgunderson9g@storify.com,Male,Tunisia
342,Loella,Draye,ldraye9h@live.com,Female,Syria
343,Waring,Jeaffreson,wjeaffreson9i@fastcompany.com,Male,Mongolia
344,Alec,Trythall,atrythall9j@umn.edu,Male,China
345,Hortense,Cardenosa,hcardenosa9k@oaic.gov.au,Female,Indonesia
346,Bernard,Lembcke,blembcke9l@huffingtonpost.com,Male,China
347,Jeniece,Rossi,jrossi9m@japanpost.jp,Female,Turkmenistan
348,Haskel,Shay,hshay9n@wired.com,Male,Venezuela
349,Marnie,Giacobazzi,mgiacobazzi9o@harvard.edu,Female,Yemen
350,Galvin,Darwin,gdarwin9p@taobao.com,Male,Albania
351,Julee,Tomasian,jtomasian9q@chron.com,Female,Indonesia
352,Zacharia,Eyer,zeyer9r@deviantart.com,Male,Indonesia
353,Andrea,Coldtart,acoldtart9s@geocities.jp,Male,Syria
354,Zak,Toy,ztoy9t@chron.com,Male,Angola
355,Milly,Pochon,mpochon9u@umn.edu,Female,Nigeria
356,Enos,Moresby,emoresby9v@google.de,Male,Czech Republic
357,Jewell,Moorhouse,jmoorhouse9w@howstuffworks.com,Female,China
358,Linc,Calderon,lcalderon9x@senate.gov,Male,Israel
359,Ermentrude,Kearn,ekearn9y@oaic.gov.au,Female,Thailand
360,Kristofor,Frederick,kfrederick9z@jiathis.com,Male,Russia
361,Melody,Liffe,mliffea0@mlb.com,Female,Thailand
362,Kirsteni,Trippack,ktrippacka1@earthlink.net,Female,China
363,Kalvin,Le Grys,klegrysa2@gizmodo.com,Male,China
364,Maybelle,Lettley,mlettleya3@pbs.org,Female,Sweden
365,Hephzibah,Di Roberto,hdirobertoa4@nih.gov,Female,Panama
366,Lorilee,Droogan,ldroogana5@mac.com,Female,Georgia
367,Taffy,McOnie,tmconiea6@businessinsider.com,Female,Indonesia
368,Scarface,Andrey,sandreya7@home.pl,Male,Rwanda
369,Shauna,Flindall,sflindalla8@vimeo.com,Female,New Zealand
370,Blanche,Thorpe,bthorpea9@adobe.com,Female,Czech Republic
371,Alisander,Kerrane,akerraneaa@newyorker.com,Male,Indonesia
372,Deane,Gaffey,dgaffeyab@nps.gov,Female,Portugal
373,Kizzee,Risley,krisleyac@indiegogo.com,Female,Netherlands
374,Tiebout,Athersmith,tathersmithad@twitter.com,Male,China
375,Evered,Hamsher,ehamsherae@csmonitor.com,Male,Venezuela
376,Waverly,Littlefair,wlittlefairaf@nature.com,Male,China
377,Belinda,Boerderman,bboerdermanag@apache.org,Female,Colombia
378,Tades,McGuiney,tmcguineyah@dailymotion.com,Male,Russia
379,Lurline,Penddreth,lpenddrethai@i2i.jp,Female,Bulgaria
380,Ellsworth,Jurczik,ejurczikaj@mtv.com,Male,Madagascar
381,Cyndie,Grishelyov,cgrishelyovak@spotify.com,Female,South Africa
382,Pauletta,Marvelley,pmarvelleyal@slideshare.net,Female,Indonesia
383,Salmon,Sumsion,ssumsionam@wiley.com,Male,Mongolia
384,Adriane,Aronovitz,aaronovitzan@google.nl,Female,Egypt
385,Lowell,Kidstone,lkidstoneao@mozilla.org,Male,Indonesia
386,Kean,Potzold,kpotzoldap@wikimedia.org,Male,Brazil
387,Abbey,Briat,abriataq@flavors.me,Male,China
388,Emmerich,Jans,ejansar@amazon.de,Male,Slovenia
389,Wolfy,Spinella,wspinellaas@mtv.com,Male,Vietnam
390,Winifield,Phillput,wphillputat@army.mil,Male,China
391,Cindi,Russe,crusseau@netlog.com,Female,China
392,Ced,Polini,cpoliniav@theatlantic.com,Male,Portugal
393,Ogdan,Dafforne,odafforneaw@cbslocal.com,Male,China
394,Bartolemo,Amner,bamnerax@ucla.edu,Male,Portugal
395,Phillipe,McCarrick,pmccarrickay@sourceforge.net,Male,Russia
396,Katerine,MacDuffie,kmacduffieaz@loc.gov,Female,Brazil
397,Giovanna,Whitehurst,gwhitehurstb0@purevolume.com,Female,Philippines
398,Broddy,De Vries,bdevriesb1@behance.net,Male,Uruguay
399,Susannah,Eades,seadesb2@ycombinator.com,Female,Paraguay
400,Martita,Bryning,mbryningb3@reverbnation.com,Female,China
401,Jsandye,Fippe,jfippeb4@squidoo.com,Female,Russia
402,Idalina,Spittal,ispittalb5@sourceforge.net,Female,China
403,Kippie,Storrar,kstorrarb6@gmpg.org,Female,Philippines
404,Noemi,Bottle,nbottleb7@cnet.com,Female,China
405,Ravid,Birchenhead,rbirchenheadb8@wordpress.org,Male,Indonesia
406,Kati,McClelland,kmcclellandb9@youku.com,Female,Thailand
407,Madella,Shelvey,mshelveyba@springer.com,Female,South Korea
408,Gustavus,Smaridge,gsmaridgebb@theatlantic.com,Male,Brazil
409,Bowie,Littledike,blittledikebc@businesswire.com,Male,Brazil
410,Lindon,Masser,lmasserbd@toplist.cz,Male,Poland
411,Tildi,Goulter,tgoulterbe@surveymonkey.com,Female,Uzbekistan
412,Christoffer,Degnen,cdegnenbf@archive.org,Male,Brazil
413,Cindi,Chidwick,cchidwickbg@yelp.com,Female,Colombia
414,Addie,Pollastrino,apollastrinobh@ehow.com,Female,Colombia
415,Diane-marie,Pumphreys,dpumphreysbi@mapquest.com,Female,Japan
416,Valentine,Coppock.,vcoppockbj@symantec.com,Male,Malaysia
417,Nell,Bracer,nbracerbk@cbc.ca,Female,Serbia
418,Merrill,Cockrill,mcockrillbl@yellowpages.com,Male,China
419,Casper,Sinnott,csinnottbm@omniture.com,Male,Philippines
420,Wendel,Genny,wgennybn@miitbeian.gov.cn,Male,Indonesia
421,Derril,Renfrew,drenfrewbo@cnet.com,Male,Kenya
422,Jacquie,Chasson,jchassonbp@pagesperso-orange.fr,Female,United States
423,Belia,Caizley,bcaizleybq@economist.com,Female,Russia
424,Margret,Caudray,mcaudraybr@house.gov,Female,Ukraine
425,Adrian,Billinge,abillingebs@addthis.com,Female,Russia
426,Huntington,MacCaughen,hmaccaughenbt@imageshack.us,Male,Mongolia
427,Ferdy,Sebert,fsebertbu@soundcloud.com,Male,Morocco
428,Dan,Heyworth,dheyworthbv@eventbrite.com,Male,Portugal
429,Manuel,Neill,mneillbw@google.com,Male,Russia
430,Egbert,Molines,emolinesbx@elegantthemes.com,Male,Ukraine
431,Bettina,Greatbatch,bgreatbatchby@photobucket.com,Female,Greece
432,Tasha,Cockman,tcockmanbz@pbs.org,Female,Poland
433,Halette,Woolway,hwoolwayc0@imdb.com,Female,Portugal
434,Mariejeanne,Schwandner,mschwandnerc1@oracle.com,Female,Poland
435,Yard,Dossit,ydossitc2@ifeng.com,Male,Indonesia
436,Sayers,Jirzik,sjirzikc3@google.fr,Male,Brazil
437,Neill,De Giorgis,ndegiorgisc4@washingtonpost.com,Male,Argentina
438,Laney,Glendinning,lglendinningc5@barnesandnoble.com,Male,Samoa
439,Parry,Hinckesman,phinckesmanc6@goodreads.com,Male,Malaysia
440,Deanna,Berrycloth,dberryclothc7@businesswire.com,Female,Russia
441,Yardley,Penhall,ypenhallc8@quantcast.com,Male,Czech Republic
442,Kareem,Mallalieu,kmallalieuc9@miitbeian.gov.cn,Male,China
443,Noland,Vasnev,nvasnevca@geocities.jp,Male,United Arab Emirates
444,Helene,Blannin,hblannincb@google.de,Female,France
445,Kahaleel,Spinage,kspinagecc@xing.com,Male,Philippines
446,Dick,Fellow,dfellowcd@seattletimes.com,Male,Ireland
447,Seamus,Mellmer,smellmerce@bbc.co.uk,Male,Russia
448,Stavros,Spinelli,sspinellicf@prnewswire.com,Male,Canada
449,Charita,Cicchinelli,ccicchinellicg@addtoany.com,Female,Indonesia
450,Vina,Kedie,vkediech@unc.edu,Female,China
451,Alida,Aberchirder,aaberchirderci@ox.ac.uk,Female,Kazakhstan
452,Irvin,Scoffins,iscoffinscj@sfgate.com,Male,Panama
453,Gayle,Brackenbury,gbrackenburyck@typepad.com,Male,Afghanistan
454,Carleton,Muckleston,cmucklestoncl@github.com,Male,China
455,Delmar,Mee,dmeecm@drupal.org,Male,Indonesia
456,Shoshana,Dalbey,sdalbeycn@globo.com,Female,Philippines
457,Betsy,Doerffer,bdoerfferco@ezinearticles.com,Female,Japan
458,Cameron,Attfield,cattfieldcp@behance.net,Male,Philippines
459,Ruthann,Occleshaw,roccleshawcq@scientificamerican.com,Female,China
460,Bar,Smedley,bsmedleycr@ibm.com,Male,Japan
461,Milzie,Dufton,mduftoncs@dailymail.co.uk,Female,Mexico
462,Travers,Killiam,tkilliamct@sitemeter.com,Male,Indonesia
463,Byrann,Hurcombe,bhurcombecu@nyu.edu,Male,Indonesia
464,Graig,Marin,gmarincv@huffingtonpost.com,Male,Costa Rica
465,Pietrek,Cunniam,pcunniamcw@nature.com,Male,Philippines
466,Neely,Pettet,npettetcx@economist.com,Female,Serbia
467,Rudolf,Hartas,rhartascy@washington.edu,Male,China
468,George,Charlwood,gcharlwoodcz@scientificamerican.com,Female,Brazil
469,Reagan,Labin,rlabind0@histats.com,Male,Indonesia
470,Tristan,Dursley,tdursleyd1@home.pl,Male,Poland
471,Maryjo,Cardoe,mcardoed2@dedecms.com,Female,Peru
472,Farlay,Meins,fmeinsd3@merriam-webster.com,Male,Philippines
473,Pauletta,McCourtie,pmccourtied4@homestead.com,Female,Philippines
474,Virgina,Craigg,vcraiggd5@goodreads.com,Female,Argentina
475,Arturo,Partrick,apartrickd6@amazon.de,Male,Greece
476,Lodovico,Addie,laddied7@prweb.com,Male,Dominican Republic
477,Natka,Walewicz,nwalewiczd8@dedecms.com,Female,China
478,Shandra,Olech,solechd9@imdb.com,Female,Poland
479,Isabeau,Jenicek,ijenicekda@free.fr,Female,Brazil
480,Valeda,Hardwell,vhardwelldb@netvibes.com,Female,Poland
481,Parry,McVie,pmcviedc@narod.ru,Male,Sweden
482,Martyn,Fuente,mfuentedd@yandex.ru,Male,Norway
483,Almire,Tiptaft,atiptaftde@blinklist.com,Female,Sweden
484,Corabel,Remirez,cremirezdf@shutterfly.com,Female,China
485,Maure,Pottle,mpottledg@gnu.org,Female,United States
486,Rosalynd,Cordero,rcorderodh@earthlink.net,Female,Niger
487,Shannon,Mangon,smangondi@bbb.org,Male,Mauritius
488,Mab,Gyde,mgydedj@jiathis.com,Female,Indonesia
489,Thadeus,Swash,tswashdk@zdnet.com,Male,Guatemala
490,Harli,Yourell,hyourelldl@weather.com,Female,Malaysia
491,Abagael,Vell,avelldm@gnu.org,Female,China
492,Andrew,Brignell,abrignelldn@amazonaws.com,Male,Russia
493,Leonora,Christophle,lchristophledo@nps.gov,Female,Rwanda
494,Chrystel,Ashe,cashedp@domainmarket.com,Female,Chile
495,Arvy,Hughes,ahughesdq@reference.com,Male,Norway
496,Shepperd,Grzeszczak,sgrzeszczakdr@un.org,Male,Russia
497,Lynnelle,Cockshoot,lcockshootds@engadget.com,Female,Japan
498,Charlene,Frye,cfryedt@tumblr.com,Female,Brazil
499,Nat,Coare,ncoaredu@ycombinator.com,Female,China
500,Lotty,Carnegy,lcarnegydv@howstuffworks.com,Female,Indonesia
501,Tiffani,Ruse,trusedw@pagesperso-orange.fr,Female,Afghanistan
502,Agustin,Rhubottom,arhubottomdx@who.int,Male,Sweden
503,Rozelle,Pyson,rpysondy@shutterfly.com,Female,Pakistan
504,Anetta,Paireman,apairemandz@devhub.com,Female,Kazakhstan
505,Helen,Whyte,hwhytee0@drupal.org,Female,Peru
506,Marysa,Moller,mmollere1@google.cn,Female,Philippines
507,Deeann,Moylan,dmoylane2@myspace.com,Female,France
508,Trace,Esome,tesomee3@parallels.com,Male,China
509,Marcie,Alecock,malecocke4@photobucket.com,Female,Philippines
510,Gael,Leveridge,gleveridgee5@soundcloud.com,Female,Poland
511,Barris,Van Oord,bvanoorde6@latimes.com,Male,China
512,Oliviero,Rosoman,orosomane7@google.de,Male,Uzbekistan
513,Connie,Alliott,calliotte8@hud.gov,Male,Netherlands
514,Dewitt,Facchini,dfacchinie9@microsoft.com,Male,United States
515,Carmine,Kingswoode,ckingswoodeea@howstuffworks.com,Female,Denmark
516,Maribelle,Walters,mwalterseb@unicef.org,Female,Russia
517,Natty,Castanyer,ncastanyerec@google.com,Female,Indonesia
518,Tomkin,Mordue,tmordueed@un.org,Male,Brazil
519,Simone,Crockatt,scrockattee@miitbeian.gov.cn,Male,Sweden
520,Neila,Wasmuth,nwasmuthef@rakuten.co.jp,Female,Norway
521,Peyter,Hinzer,phinzereg@netlog.com,Male,Croatia
522,Clara,Greenset,cgreenseteh@ycombinator.com,Female,United States
523,Syd,Kobpa,skobpaei@gmpg.org,Male,Benin
524,Beilul,Huniwall,bhuniwallej@discuz.net,Female,Thailand
525,Elane,Whitford,ewhitfordek@newyorker.com,Female,Poland
526,Othella,Musla,omuslael@dropbox.com,Female,Indonesia
527,Ingaberg,Jermey,ijermeyem@themeforest.net,Female,Sweden
528,Bambie,Kilsby,bkilsbyen@mozilla.org,Female,United States
529,Tildy,Klimentyonok,tklimentyonokeo@smugmug.com,Female,France
530,Yvon,Pattenden,ypattendenep@unicef.org,Male,Russia
531,Mayne,Scard,mscardeq@nbcnews.com,Male,Togo
532,Hamlin,Poynor,hpoynorer@bloomberg.com,Male,China
533,Allis,Shord,ashordes@apache.org,Female,Argentina
534,Halie,Volet,hvoletet@ucoz.com,Female,Indonesia
535,Tye,Pedel,tpedeleu@cafepress.com,Male,Tajikistan
536,Eddi,Barukh,ebarukhev@gnu.org,Female,China
537,Huey,Reimer,hreimerew@usnews.com,Male,Morocco
538,Dannye,Dallon,ddallonex@rambler.ru,Female,Greece
539,Debi,Clymer,dclymerey@imageshack.us,Female,United States
540,Adrian,Filipic,afilipicez@istockphoto.com,Male,Afghanistan
541,Risa,Worton,rwortonf0@cnn.com,Female,Peru
542,Jordon,Radband,jradbandf1@dmoz.org,Male,China
543,Hakim,Winterton,hwintertonf2@quantcast.com,Male,Democratic Republic of the Congo
544,Mahala,Rookwell,mrookwellf3@google.com.hk,Female,Indonesia
545,Eugenio,Pinch,epinchf4@desdev.cn,Male,Portugal
546,Gustavo,Brandreth,gbrandrethf5@csmonitor.com,Male,China
547,Audrye,Maypes,amaypesf6@xing.com,Female,Indonesia
548,Odella,Oley,ooleyf7@addthis.com,Female,Philippines
549,Suzanna,Eyers,seyersf8@clickbank.net,Female,France
550,Bancroft,Oxtiby,boxtibyf9@weebly.com,Male,China
551,Aggi,Ollander,aollanderfa@comcast.net,Female,Oman
552,Jackie,Kramer,jkramerfb@prweb.com,Male,Canada
553,Renie,Oke,rokefc@csmonitor.com,Female,China
554,Susann,Brignell,sbrignellfd@topsy.com,Female,Russia
555,Matelda,Ranking,mrankingfe@phpbb.com,Female,Jamaica
556,Oberon,Crump,ocrumpff@newsvine.com,Male,China
557,Cherry,Lucken,cluckenfg@businessweek.com,Female,China
558,Arlen,McGaughay,amcgaughayfh@nps.gov,Female,France
559,Jammie,Blencoe,jblencoefi@hostgator.com,Female,Indonesia
560,Fraser,Szymonowicz,fszymonowiczfj@wiley.com,Male,Indonesia
561,Kerrie,Lawrence,klawrencefk@redcross.org,Female,Japan
562,Rodney,Mixhel,rmixhelfl@wsj.com,Male,Indonesia
563,Bernard,Goare,bgoarefm@ebay.com,Male,Ukraine
564,Ulrikaumeko,Matejovsky,umatejovskyfn@arizona.edu,Female,China
565,Gilda,Asey,gaseyfo@java.com,Female,Kuwait
566,Bartholemy,Fagence,bfagencefp@uol.com.br,Male,Japan
567,Owen,Fells,ofellsfq@cargocollective.com,Male,Portugal
568,Ravid,Harnwell,rharnwellfr@nsw.gov.au,Male,China
569,Allyn,Quarless,aquarlessfs@tinyurl.com,Male,Russia
570,Ned,Pritty,nprittyft@hubpages.com,Male,Brazil
571,Harley,Slinn,hslinnfu@usnews.com,Female,Cuba
572,Farah,Maty,fmatyfv@accuweather.com,Female,Indonesia
573,Devi,Haglinton,dhaglintonfw@myspace.com,Female,Denmark
574,Ralph,Perico,rpericofx@latimes.com,Male,China
575,Griswold,Giacovazzo,ggiacovazzofy@usnews.com,Male,Indonesia
576,Beniamino,Wilds,bwildsfz@arizona.edu,Male,Portugal
577,Jessamine,Veschambre,jveschambreg0@seattletimes.com,Female,Nigeria
578,Sibley,Klimko,sklimkog1@usatoday.com,Female,Ukraine
579,Forest,Clouston,fcloustong2@amazonaws.com,Male,Indonesia
580,Nessa,Henbury,nhenburyg3@discuz.net,Female,France
581,Manda,Pillinger,mpillingerg4@artisteer.com,Female,Indonesia
582,Levy,Birrane,lbirraneg5@microsoft.com,Male,Burundi
583,Elke,Kinge,ekingeg6@wordpress.org,Female,China
584,Oona,Tarbard,otarbardg7@ihg.com,Female,Japan
585,Morse,Cronshaw,mcronshawg8@webnode.com,Male,Philippines
586,Eliot,Beeho,ebeehog9@wikispaces.com,Male,Nigeria
587,Lodovico,Haruard,lharuardga@state.gov,Male,China
588,Elliott,McGaughey,emcgaugheygb@dailymotion.com,Male,Malaysia
589,Konstanze,Monketon,kmonketongc@4shared.com,Female,China
590,Thaxter,Mollett,tmollettgd@hibu.com,Male,Brazil
591,Frasier,Featherbie,ffeatherbiege@alexa.com,Male,Jamaica
592,Marge,Heis,mheisgf@reuters.com,Female,Guatemala
593,Matthew,Botger,mbotgergg@cnbc.com,Male,Thailand
594,Trevar,Geratasch,tgerataschgh@arstechnica.com,Male,Indonesia
595,Abram,Hrinchenko,ahrinchenkogi@hao123.com,Male,Colombia
596,Anallise,Kisbey,akisbeygj@imgur.com,Female,China
597,Marilin,Arkil,markilgk@desdev.cn,Female,China
598,Caroljean,Barwis,cbarwisgl@opensource.org,Female,Philippines
599,Anetta,Laux,alauxgm@jalbum.net,Female,Luxembourg
600,Almeta,Glavin,aglavingn@trellian.com,Female,Indonesia
601,Davidson,Silkstone,dsilkstonego@phpbb.com,Male,Czech Republic
602,Finley,Perring,fperringgp@artisteer.com,Male,Indonesia
603,Emelina,Wyley,ewyleygq@hatena.ne.jp,Female,Russia
604,Stanislaw,Drummond,sdrummondgr@dion.ne.jp,Male,Guatemala
605,Alford,Mingo,amingogs@jiathis.com,Male,Canada
606,Stavros,Josefson,sjosefsongt@sphinn.com,Male,Brazil
607,Pooh,Pidgeley,ppidgeleygu@baidu.com,Male,Sweden
608,Goddart,Tadman,gtadmangv@ucla.edu,Male,Nigeria
609,Ellyn,Handslip,ehandslipgw@livejournal.com,Female,Mozambique
610,Jens,Pepperrall,jpepperrallgx@example.com,Male,Canada
611,Gregory,Corey,gcoreygy@dropbox.com,Male,Bosnia and Herzegovina
612,Edee,Dufour,edufourgz@yale.edu,Female,Portugal
613,Johny,Wither,jwitherh0@storify.com,Male,Austria
614,Layney,Powney,lpowneyh1@friendfeed.com,Female,Portugal
615,Kerianne,Isselee,kisseleeh2@mit.edu,Female,Philippines
616,Kristien,O'Crotty,kocrottyh3@google.co.jp,Female,Morocco
617,Justin,Deniseau,jdeniseauh4@elegantthemes.com,Male,Colombia
618,Talia,Peddersen,tpeddersenh5@goo.gl,Female,Portugal
619,Donn,Growy,dgrowyh6@blogger.com,Male,Russia
620,Geralda,Westraw,gwestrawh7@latimes.com,Female,Saint Lucia
621,Anni,Rubinsohn,arubinsohnh8@netvibes.com,Female,Macedonia
622,Yorgo,Ashall,yashallh9@netvibes.com,Male,Armenia
623,Nancey,Prestner,nprestnerha@google.it,Female,Armenia
624,Gillie,Easseby,geassebyhb@csmonitor.com,Female,Poland
625,Minetta,Kinnaird,mkinnairdhc@comsenz.com,Female,Greece
626,Susann,Prujean,sprujeanhd@flickr.com,Female,Malaysia
627,Archibald,Gregory,agregoryhe@bloomberg.com,Male,Vietnam
628,Isa,Leyden,ileydenhf@accuweather.com,Female,Brazil
629,Daniel,Giraldo,dgiraldohg@booking.com,Male,Malaysia
630,Drusie,Wheowall,dwheowallhh@tripadvisor.com,Female,Cameroon
631,Jodie,Banner,jbannerhi@phpbb.com,Male,Russia
632,Kassie,Camsey,kcamseyhj@pinterest.com,Female,Russia
633,Trueman,Cleal,tclealhk@home.pl,Male,China
634,Bridget,Parslow,bparslowhl@shutterfly.com,Female,Indonesia
635,Lisa,Lindenbluth,llindenbluthhm@qq.com,Female,Egypt
636,Evelin,Bootes,ebooteshn@redcross.org,Male,Uruguay
637,Lorette,Gibben,lgibbenho@wunderground.com,Female,China
638,Abraham,Cratchley,acratchleyhp@topsy.com,Male,Finland
639,Tobye,Bortolutti,tbortoluttihq@typepad.com,Female,Indonesia
640,Freddie,Silveston,fsilvestonhr@newsvine.com,Male,China
641,Dewey,Penhalurick,dpenhalurickhs@fotki.com,Male,Russia
642,Jarvis,Chapelle,jchapelleht@trellian.com,Male,Indonesia
643,Murry,Bardnam,mbardnamhu@linkedin.com,Male,Russia
644,Ciel,Caines,ccaineshv@theguardian.com,Female,Philippines
645,Charlena,Bonevant,cbonevanthw@imageshack.us,Female,China
646,Tobin,Meeron,tmeeronhx@xrea.com,Male,China
647,Wilma,Kohnert,wkohnerthy@chicagotribune.com,Female,Philippines
648,Frannie,Whelband,fwhelbandhz@ibm.com,Male,Cambodia
649,Jesselyn,Lyall,jlyalli0@smh.com.au,Female,United States
650,Yul,Imos,yimosi1@t-online.de,Male,Indonesia
651,Lindsay,Sprey,lspreyi2@bbb.org,Male,Indonesia
652,Kendricks,Crighton,kcrightoni3@home.pl,Male,China
653,Rozele,Blitz,rblitzi4@163.com,Female,Indonesia
654,Griswold,McEachern,gmceacherni5@liveinternet.ru,Male,Colombia
655,Georgie,Blaase,gblaasei6@ebay.co.uk,Male,China
656,Lockwood,Stourton,lstourtoni7@statcounter.com,Male,Brazil
657,Zechariah,Bohike,zbohikei8@purevolume.com,Male,Brazil
658,Nelia,Whissell,nwhisselli9@amazon.de,Female,Iran
659,Raimundo,Moar,rmoaria@mtv.com,Male,Poland
660,Karolina,Vear,kvearib@hatena.ne.jp,Female,Indonesia
661,Ulysses,Strafford,ustraffordic@elegantthemes.com,Male,United States
662,Jorie,Cajkler,jcajklerid@tamu.edu,Female,Nigeria
663,Wallis,Weber,wweberie@ted.com,Male,Poland
664,Arlana,Shadfourth,ashadfourthif@harvard.edu,Female,China
665,Krystalle,Do,kdoig@amazonaws.com,Female,Philippines
666,Meagan,Birrel,mbirrelih@oakley.com,Female,Indonesia
667,Dinnie,Bernth,dbernthii@ameblo.jp,Female,Vietnam
668,Gracia,Birkbeck,gbirkbeckij@bluehost.com,Female,China
669,Nikita,Madner,nmadnerik@vinaora.com,Male,Philippines
670,Patty,Cuningham,pcuninghamil@ustream.tv,Male,Philippines
671,Wyndham,Billingham,wbillinghamim@prnewswire.com,Male,China
672,Yance,Kubista,ykubistain@multiply.com,Male,Russia
673,Udall,Tessyman,utessymanio@hc360.com,Male,Ukraine
674,Johna,Eard,jeardip@pagesperso-orange.fr,Female,Comoros
675,Moise,Deware,mdewareiq@yale.edu,Male,Russia
676,Leeanne,Saxelby,lsaxelbyir@japanpost.jp,Female,Russia
677,Peirce,Nolot,pnolotis@gmpg.org,Male,France
678,Moreen,Seivertsen,mseivertsenit@networksolutions.com,Female,Portugal
679,Shaun,Livsey,slivseyiu@ftc.gov,Male,Indonesia
680,Byran,Bletcher,bbletcheriv@godaddy.com,Male,Argentina
681,Cathleen,Everett,ceverettiw@simplemachines.org,Female,Guatemala
682,Upton,Lewendon,ulewendonix@senate.gov,Male,Thailand
683,Imogene,Wylam,iwylamiy@techcrunch.com,Female,Indonesia
684,Erl,Goadbie,egoadbieiz@sogou.com,Male,Brazil
685,Chevy,Peealess,cpeealessj0@sogou.com,Male,Portugal
686,Marchall,Pidgeley,mpidgeleyj1@ihg.com,Male,Tajikistan
687,Wilmer,Burchall,wburchallj2@cdc.gov,Male,Denmark
688,Marlin,Batkin,mbatkinj3@vk.com,Male,Indonesia
689,Felicia,Vallance,fvallancej4@ustream.tv,Female,Belarus
690,Ladonna,Volkers,lvolkersj5@vinaora.com,Female,Indonesia
691,Sosanna,Flegg,sfleggj6@bbb.org,Female,Portugal
692,Katuscha,Farnall,kfarnallj7@psu.edu,Female,Kazakhstan
693,Kienan,Baird,kbairdj8@house.gov,Male,Poland
694,Sander,Di Maggio,sdimaggioj9@paginegialle.it,Male,Luxembourg
695,Klaus,Audibert,kaudibertja@tripadvisor.com,Male,Democratic Republic of the Congo
696,Vasilis,Bertomieu,vbertomieujb@photobucket.com,Male,Portugal
697,Isa,Pandie,ipandiejc@tumblr.com,Female,Mexico
698,Law,Galliver,lgalliverjd@yolasite.com,Male,Russia
699,Denis,Limmer,dlimmerje@ocn.ne.jp,Male,Tajikistan
700,Craggy,Maker,cmakerjf@tripadvisor.com,Male,Peru
701,Lazar,Ducket,lducketjg@bravesites.com,Male,Micronesia
702,Barron,Abelovitz,babelovitzjh@shareasale.com,Male,Croatia
703,Marget,Maureen,mmaureenji@networksolutions.com,Female,Russia
704,Austin,Stanmore,astanmorejj@spotify.com,Male,Sweden
705,Glen,Lewry,glewryjk@lycos.com,Male,Poland
706,Teri,Dulwitch,tdulwitchjl@google.com,Female,Greece
707,Nevil,Mennell,nmennelljm@nationalgeographic.com,Male,Guatemala
708,Drugi,Edmeads,dedmeadsjn@economist.com,Male,Indonesia
709,Carolin,Janc,cjancjo@deviantart.com,Female,Indonesia
710,Kent,O'Halligan,kohalliganjp@gmpg.org,Male,China
711,Devland,Churchin,dchurchinjq@mail.ru,Male,Poland
712,Jane,Pratley,jpratleyjr@cpanel.net,Female,Indonesia
713,Libbi,Lethardy,llethardyjs@istockphoto.com,Female,France
714,Mirabel,Karolovsky,mkarolovskyjt@1688.com,Female,China
715,Emelia,Clear,eclearju@usatoday.com,Female,China
716,Maridel,Mintram,mmintramjv@geocities.jp,Female,China
717,Enos,Hayfield,ehayfieldjw@tuttocitta.it,Male,Indonesia
718,Sibby,Fessier,sfessierjx@patch.com,Female,China
719,Sloane,Figgures,sfigguresjy@wix.com,Male,Senegal
720,Seamus,Crich,scrichjz@posterous.com,Male,Gabon
721,Dalia,Lawfull,dlawfullk0@boston.com,Female,Indonesia
722,Annamarie,Tyhurst,atyhurstk1@adobe.com,Female,Japan
723,Jordan,Denekamp,jdenekampk2@themeforest.net,Male,Poland
724,Pamela,Godsmark,pgodsmarkk3@mail.ru,Female,Mexico
725,Gerardo,Sam,gsamk4@hhs.gov,Male,Bulgaria
726,Tiler,Yurmanovev,tyurmanovevk5@artisteer.com,Male,South Africa
727,Ardra,Curgenven,acurgenvenk6@studiopress.com,Female,Indonesia
728,Calv,Ragate,cragatek7@geocities.com,Male,Uruguay
729,Berke,Ducham,bduchamk8@dailymail.co.uk,Male,Mali
730,Penny,Farrell,pfarrellk9@mysql.com,Female,China
731,Gloriane,Friman,gfrimanka@blogs.com,Female,Sri Lanka
732,Wallas,Eager,weagerkb@ucla.edu,Male,Japan
733,Lorri,Eteen,leteenkc@sbwire.com,Female,Argentina
734,Annmaria,Almeida,aalmeidakd@flickr.com,Female,Portugal
735,Chickie,Benwell,cbenwellke@blogspot.com,Male,Russia
736,Barry,Coogan,bcoogankf@prweb.com,Male,Russia
737,Yoshiko,Aburrow,yaburrowkg@diigo.com,Female,Japan
738,Allys,Yankov,ayankovkh@un.org,Female,China
739,Fairleigh,Braiden,fbraidenki@ebay.co.uk,Male,Indonesia
740,Randie,Guillou,rguilloukj@liveinternet.ru,Male,Ecuador
741,Philomena,Atwel,patwelkk@technorati.com,Female,Ethiopia
742,Ruttger,Rubica,rrubicakl@newyorker.com,Male,Czech Republic
743,Sofia,Glentz,sglentzkm@deliciousdays.com,Female,Sweden
744,Annabella,Wix,awixkn@princeton.edu,Female,Ukraine
745,Haydon,Geipel,hgeipelko@google.pl,Male,Ukraine
746,Morty,Bosse,mbossekp@census.gov,Male,Japan
747,Dorian,Bynert,dbynertkq@yahoo.co.jp,Male,Tanzania
748,Wandis,McKernan,wmckernankr@google.com,Female,Bosnia and Herzegovina
749,Pierce,Tavener,ptavenerks@delicious.com,Male,China
750,Rozalin,Semrad,rsemradkt@mapy.cz,Female,China
751,Koressa,Riep,kriepku@icio.us,Female,Ecuador
752,Conrado,Fould,cfouldkv@epa.gov,Male,Russia
753,Brand,Aspenlon,baspenlonkw@etsy.com,Male,France
754,Rinaldo,Caban,rcabankx@imdb.com,Male,Poland
755,Ruthi,Gimblet,rgimbletky@jalbum.net,Female,Ukraine
756,Whitby,Issitt,wissittkz@tripod.com,Male,China
757,Zane,Danielou,zdanieloul0@java.com,Male,Afghanistan
758,Gonzales,Blowick,gblowickl1@cnn.com,Male,Indonesia
759,Darnell,Feathers,dfeathersl2@sourceforge.net,Male,Indonesia
760,Angelia,Hukins,ahukinsl3@businesswire.com,Female,Haiti
761,Winn,Cawson,wcawsonl4@prweb.com,Male,Philippines
762,Galvan,Heggison,gheggisonl5@nymag.com,Male,Poland
763,Leisha,Daen,ldaenl6@geocities.jp,Female,France
764,Mignon,Iapico,miapicol7@stanford.edu,Female,Australia
765,Connie,Lethem,cletheml8@answers.com,Male,Thailand
766,Gregorius,Doleman,gdolemanl9@europa.eu,Male,Indonesia
767,Robb,MacGuiness,rmacguinessla@issuu.com,Male,Argentina
768,Pren,Beall,pbealllb@livejournal.com,Male,Malaysia
769,Christopher,McAster,cmcasterlc@mashable.com,Male,Indonesia
770,Lyndy,Nobes,lnobesld@163.com,Female,Ireland
771,Ruthie,Laister,rlaisterle@uiuc.edu,Female,China
772,Joly,Torbard,jtorbardlf@ucoz.com,Female,Brazil
773,Petronella,Currall,pcurralllg@nsw.gov.au,Female,Sweden
774,Benjie,Aizikovich,baizikovichlh@surveymonkey.com,Male,Yemen
775,Jania,Readmire,jreadmireli@constantcontact.com,Female,Macedonia
776,Leroi,Brasseur,lbrasseurlj@google.de,Male,Argentina
777,Zaneta,Gerardot,zgerardotlk@tripadvisor.com,Female,Madagascar
778,Buffy,Jorger,bjorgerll@liveinternet.ru,Female,Indonesia
779,Engelbert,Madgwich,emadgwichlm@amazonaws.com,Male,Russia
780,Fiann,Karolewski,fkarolewskiln@alibaba.com,Female,Indonesia
781,Tully,McIntosh,tmcintoshlo@blogspot.com,Male,Indonesia
782,Alex,Escott,aescottlp@hexun.com,Male,Spain
783,Devonne,Crunden,dcrundenlq@friendfeed.com,Female,France
784,Mathias,Yaxley,myaxleylr@reddit.com,Male,Comoros
785,Vivyan,Brinsden,vbrinsdenls@shop-pro.jp,Female,Peru
786,Raimondo,Jakubovics,rjakubovicslt@free.fr,Male,Azerbaijan
787,Deena,Ocheltree,docheltreelu@blogtalkradio.com,Female,Indonesia
788,Sandor,Elgood,selgoodlv@instagram.com,Male,France
789,Nicky,Boscher,nboscherlw@rediff.com,Female,Bulgaria
790,Babs,Farthin,bfarthinlx@huffingtonpost.com,Female,Colombia
791,Renata,Jell,rjellly@goo.gl,Female,Czech Republic
792,Romeo,Limer,rlimerlz@admin.ch,Male,Philippines
793,Maurine,Lumbers,mlumbersm0@home.pl,Female,China
794,Michel,Di Franceschi,mdifranceschim1@ifeng.com,Female,Thailand
795,Kylie,Rangell,krangellm2@answers.com,Female,China
796,Tasia,Trout,ttroutm3@archive.org,Female,United States
797,Hedda,Dossettor,hdossettorm4@ask.com,Female,Russia
798,Elle,Durak,edurakm5@businessweek.com,Female,Philippines
799,Papageno,McGlue,pmcgluem6@themeforest.net,Male,Japan
800,Ricard,Pidgen,rpidgenm7@house.gov,Male,China
801,Mose,Barnwille,mbarnwillem8@flickr.com,Male,Armenia
802,Yankee,Altamirano,yaltamiranom9@t-online.de,Male,Russia
803,Merrilee,Margiotta,mmargiottama@usnews.com,Female,South Africa
804,Francisca,Vaudre,fvaudremb@multiply.com,Female,China
805,Ranique,Paprotny,rpaprotnymc@mit.edu,Female,China
806,Dirk,Canet,dcanetmd@tinyurl.com,Male,Philippines
807,Garland,Canete,gcaneteme@t-online.de,Female,Ecuador
808,Lazaro,Krolle,lkrollemf@google.ca,Male,Philippines
809,Elihu,Daulton,edaultonmg@t.co,Male,United States
810,Garreth,Causer,gcausermh@tumblr.com,Male,Philippines
811,Allen,Morsley,amorsleymi@ocn.ne.jp,Male,Mauritania
812,Grady,Sabbin,gsabbinmj@friendfeed.com,Male,Angola
813,Brennen,Leasor,bleasormk@yandex.ru,Male,Poland
814,Ellwood,Currer,ecurrerml@sitemeter.com,Male,Greece
815,Arman,Grange,agrangemm@miitbeian.gov.cn,Male,Brazil
816,Mylo,St. Ledger,mstledgermn@goo.ne.jp,Male,China
817,Regan,Berrigan,rberriganmo@printfriendly.com,Male,Indonesia
818,Filmer,Otteridge,fotteridgemp@php.net,Male,Uganda
819,Zackariah,Simonelli,zsimonellimq@hugedomains.com,Male,Brazil
820,Tony,Corser,tcorsermr@whitehouse.gov,Male,Ukraine
821,Bond,Danielsson,bdanielssonms@bbc.co.uk,Male,Brazil
822,Kristine,Belward,kbelwardmt@eepurl.com,Female,China
823,Sal,Stennes,sstennesmu@oakley.com,Female,Brazil
824,Maryjo,Trembley,mtrembleymv@washingtonpost.com,Female,France
825,Brodie,Chudleigh,bchudleighmw@tripadvisor.com,Male,Russia
826,Nannie,Piddlesden,npiddlesdenmx@ning.com,Female,Portugal
827,Mallorie,Dourin,mdourinmy@posterous.com,Female,Poland
828,Estell,Kings,ekingsmz@nhs.uk,Female,Oman
829,Kylen,Poland,kpolandn0@nytimes.com,Female,Honduras
830,Dionisio,Beadnell,dbeadnelln1@tinypic.com,Male,China
831,Dalia,Sange,dsangen2@globo.com,Female,China
832,Shanon,Venus,svenusn3@disqus.com,Female,Russia
833,Aubrey,Sigars,asigarsn4@telegraph.co.uk,Male,Indonesia
834,Adham,Abbati,aabbatin5@wix.com,Male,Croatia
835,Merrilee,Depke,mdepken6@nba.com,Female,Canada
836,Gualterio,Durno,gdurnon7@unblog.fr,Male,Brazil
837,Heriberto,Denny,hdennyn8@nsw.gov.au,Male,China
838,Justin,Paddeley,jpaddeleyn9@ed.gov,Male,Russia
839,Brendis,Nisard,bnisardna@miitbeian.gov.cn,Male,Portugal
840,Jerrine,Lacroix,jlacroixnb@reference.com,Female,Netherlands
841,Freeman,Cromley,fcromleync@ovh.net,Male,China
842,Kaylil,Morstatt,kmorstattnd@merriam-webster.com,Female,Ireland
843,Ivor,Cleobury,icleoburyne@washingtonpost.com,Male,Colombia
844,Bambi,Drakes,bdrakesnf@irs.gov,Female,Latvia
845,Waylen,Servis,wservisng@jigsy.com,Male,Peru
846,Abba,Gilhooly,agilhoolynh@slashdot.org,Male,Philippines
847,Yetta,Totman,ytotmanni@fda.gov,Female,Bosnia and Herzegovina
848,Arni,Ailmer,aailmernj@army.mil,Male,Philippines
849,Bamby,Adshad,badshadnk@intel.com,Female,Brazil
850,Gabriel,Carrane,gcarranenl@marketwatch.com,Female,China
851,Jany,Jay,jjaynm@gravatar.com,Female,Portugal
852,Doreen,Crosby,dcrosbynn@upenn.edu,Female,Cameroon
853,Willem,Kinver,wkinverno@auda.org.au,Male,China
854,Bevon,Gutsell,bgutsellnp@buzzfeed.com,Male,Brazil
855,Emalee,Wilson,ewilsonnq@engadget.com,Female,Indonesia
856,Quinlan,Crammy,qcrammynr@shutterfly.com,Male,China
857,Hadria,Pech,hpechns@nasa.gov,Female,Cuba
858,Johnny,Kinavan,jkinavannt@instagram.com,Male,Indonesia
859,Gill,Sellor,gsellornu@de.vu,Male,Brazil
860,Alejoa,Gulk,agulknv@newsvine.com,Male,Russia
861,Morten,Dunham,mdunhamnw@dailymail.co.uk,Male,Thailand
862,Garnet,Aulsford,gaulsfordnx@slideshare.net,Female,France
863,Leila,Godlip,lgodlipny@multiply.com,Female,Indonesia
864,Cornie,Smale,csmalenz@w3.org,Female,Russia
865,Ingeborg,Lampens,ilampenso0@ihg.com,Female,Russia
866,Tracey,Fitkin,tfitkino1@amazon.co.uk,Male,Luxembourg
867,Griselda,Jandl,gjandlo2@walmart.com,Female,China
868,Linnell,Haugen,lhaugeno3@tmall.com,Female,Poland
869,Sherlock,Mc Faul,smcfaulo4@jigsy.com,Male,China
870,Ferne,Hammerberger,fhammerbergero5@npr.org,Female,China
871,Sally,Fiddy,sfiddyo6@mozilla.com,Female,China
872,Debera,Gerson,dgersono7@java.com,Female,Poland
873,Kinna,Haythorn,khaythorno8@hp.com,Female,Poland
874,Alika,Rawlins,arawlinso9@mysql.com,Female,China
875,Brice,Bockmann,bbockmannoa@nationalgeographic.com,Male,Indonesia
876,Ellis,McArtan,emcartanob@geocities.jp,Male,Peru
877,Karlie,Hallatt,khallattoc@artisteer.com,Female,Denmark
878,Dyann,Balderstone,dbalderstoneod@github.com,Female,Iran
879,Kate,Wickrath,kwickrathoe@go.com,Female,China
880,Jerrine,Brownell,jbrownellof@flickr.com,Female,Bangladesh
881,Aloysius,Cottey,acotteyog@illinois.edu,Male,Russia
882,Martie,Elsworth,melsworthoh@usgs.gov,Female,Czech Republic
883,Lissi,Esome,lesomeoi@salon.com,Female,France
884,Basil,Blincowe,bblincoweoj@fotki.com,Male,Nigeria
885,Goober,Bischop,gbischopok@indiatimes.com,Male,Philippines
886,Corie,Vlasov,cvlasovol@ox.ac.uk,Female,China
887,Danna,Strivens,dstrivensom@umn.edu,Female,Portugal
888,Boy,Towsie,btowsieon@uiuc.edu,Male,United States
889,Noah,Larmouth,nlarmouthoo@miitbeian.gov.cn,Male,Sweden
890,Quincy,McClaurie,qmcclaurieop@topsy.com,Male,Indonesia
891,Hoyt,Pringuer,hpringueroq@senate.gov,Male,Tajikistan
892,Kingsley,Allpress,kallpressor@bbb.org,Male,Portugal
893,Burt,Awmack,bawmackos@rediff.com,Male,Sweden
894,Venita,Neiland,vneilandot@list-manage.com,Female,Poland
895,Mendy,Panketh,mpankethou@wunderground.com,Male,Gabon
896,Dyanne,Devaney,ddevaneyov@desdev.cn,Female,Mexico
897,Cody,Agass,cagassow@blogs.com,Male,China
898,Farr,Garment,fgarmentox@merriam-webster.com,Male,China
899,Ceil,Phillippo,cphillippooy@apple.com,Female,Portugal
900,Harlen,Banstead,hbansteadoz@state.gov,Male,Greece
901,Chiarra,Probbings,cprobbingsp0@cloudflare.com,Female,Nigeria
902,Katlin,Bogges,kboggesp1@arstechnica.com,Female,Benin
903,Urban,Escofier,uescofierp2@thetimes.co.uk,Male,China
904,Parke,Fowls,pfowlsp3@chicagotribune.com,Male,Honduras
905,Art,Leil,aleilp4@cnet.com,Male,Czech Republic
906,Jennilee,Tobin,jtobinp5@dyndns.org,Female,France
907,Isiahi,Vigus,ivigusp6@state.gov,Male,Philippines
908,Colette,Aartsen,caartsenp7@wufoo.com,Female,Paraguay
909,Travers,Guiett,tguiettp8@yandex.ru,Male,Argentina
910,Berget,Nuzzti,bnuzztip9@edublogs.org,Female,Russia
911,Allayne,Buard,abuardpa@deliciousdays.com,Male,China
912,Cirstoforo,Gurery,cgurerypb@wordpress.com,Male,Thailand
913,Jesus,Killford,jkillfordpc@wired.com,Male,Indonesia
914,Rubi,McOwen,rmcowenpd@nyu.edu,Female,China
915,Shelley,Lantaff,slantaffpe@unblog.fr,Female,United States
916,Emory,McIlharga,emcilhargapf@ebay.com,Male,Netherlands
917,Devina,Wrefford,dwreffordpg@51.la,Female,Estonia
918,Bord,Edy,bedyph@ca.gov,Male,Philippines
919,Natale,Cattonnet,ncattonnetpi@sciencedirect.com,Male,Indonesia
920,Sherwynd,Paulsen,spaulsenpj@meetup.com,Male,Poland
921,Katti,Pavek,kpavekpk@comsenz.com,Female,Poland
922,Elise,Boni,ebonipl@skype.com,Female,Portugal
923,Nissy,Avesque,navesquepm@state.tx.us,Female,Czech Republic
924,Fiona,Trevithick,ftrevithickpn@paginegialle.it,Female,China
925,Lefty,Cantrill,lcantrillpo@vistaprint.com,Male,Greece
926,Giffy,Meggison,gmeggisonpp@homestead.com,Male,Indonesia
927,Damien,Parminter,dparminterpq@spotify.com,Male,Nicaragua
928,Ulrike,Stollenbecker,ustollenbeckerpr@nbcnews.com,Female,China
929,Sigfried,Pettifer,spettiferps@npr.org,Male,Brazil
930,Lorry,Ravenscraft,lravenscraftpt@gravatar.com,Male,China
931,Goran,Wandrack,gwandrackpu@soundcloud.com,Male,Nigeria
932,Jase,Pantry,jpantrypv@360.cn,Male,Ukraine
933,Ollie,Bristowe,obristowepw@skyrock.com,Male,Peru
934,Haily,Nazer,hnazerpx@toplist.cz,Female,Ukraine
935,Craig,Swansborough,cswansboroughpy@si.edu,Male,Sudan
936,Rogers,Beasley,rbeasleypz@google.de,Male,Mexico
937,Benni,Giorgeschi,bgiorgeschiq0@sphinn.com,Female,China
938,Morry,Zealey,mzealeyq1@myspace.com,Male,Indonesia
939,Mark,Tschiersch,mtschierschq2@google.ru,Male,Indonesia
940,Orelle,March,omarchq3@artisteer.com,Female,Zimbabwe
941,Ernesto,Harnor,eharnorq4@sphinn.com,Male,Philippines
942,Brit,Ashment,bashmentq5@xrea.com,Female,Thailand
943,Granville,Dennistoun,gdennistounq6@chicagotribune.com,Male,Iran
944,Franky,Carbert,fcarbertq7@sbwire.com,Male,China
945,Andy,Imlacke,aimlackeq8@privacy.gov.au,Female,Japan
946,Cris,Martyn,cmartynq9@themeforest.net,Female,Kuwait
947,Skippie,Unstead,sunsteadqa@usda.gov,Male,China
948,Wyndham,Purver,wpurverqb@4shared.com,Male,Portugal
949,Antonia,Wythill,awythillqc@samsung.com,Female,Russia
950,Brigg,Longson,blongsonqd@patch.com,Male,Philippines
951,Angie,Sommersett,asommersettqe@deliciousdays.com,Female,Ukraine
952,Barny,Savery,bsaveryqf@chron.com,Male,Mexico
953,Casper,Hartness,chartnessqg@pen.io,Male,Japan
954,Mill,Clitheroe,mclitheroeqh@ning.com,Male,Iran
955,Brietta,Januszewski,bjanuszewskiqi@sciencedaily.com,Female,Canada
956,Gaspar,Dufore,gduforeqj@is.gd,Male,Ukraine
957,Christiana,Dresche,cdrescheqk@redcross.org,Female,Greece
958,Diarmid,Coverly,dcoverlyql@pen.io,Male,China
959,Bear,Carrick,bcarrickqm@gravatar.com,Male,Samoa
960,Gilberte,Threader,gthreaderqn@hp.com,Female,Brazil
961,Connie,Pritchitt,cpritchittqo@weather.com,Female,China
962,Darrick,Aloshkin,daloshkinqp@independent.co.uk,Male,France
963,Marcy,Sturgess,msturgessqq@springer.com,Female,Italy
964,Marwin,Ackwood,mackwoodqr@reverbnation.com,Male,Syria
965,Carce,Connolly,cconnollyqs@xing.com,Male,Ukraine
966,Giselle,Stow,gstowqt@engadget.com,Female,Indonesia
967,Brett,Kyme,bkymequ@comsenz.com,Female,Indonesia
968,Effie,Blamires,eblamiresqv@fema.gov,Female,China
969,Rhona,Bear,rbearqw@google.fr,Female,South Africa
970,Barrie,Leeburne,bleeburneqx@ehow.com,Male,China
971,Zeb,Brimham,zbrimhamqy@theglobeandmail.com,Male,Portugal
972,Eadith,Elsop,eelsopqz@parallels.com,Female,China
973,Ericka,Selley,eselleyr0@nasa.gov,Female,Lithuania
974,Jenelle,Gallier,jgallierr1@adobe.com,Female,Poland
975,Maxie,Ronisch,mronischr2@google.co.jp,Female,Russia
976,Amby,Daile,adailer3@ycombinator.com,Male,Tajikistan
977,Ansell,MacCague,amaccaguer4@thetimes.co.uk,Male,Japan
978,Gweneth,Toulch,gtoulchr5@wix.com,Female,China
979,Donnamarie,Staig,dstaigr6@mapquest.com,Female,Indonesia
980,Mead,Broinlich,mbroinlichr7@webnode.com,Male,Palestinian Territory
981,Otes,Kearns,okearnsr8@4shared.com,Male,Portugal
982,Boycie,Zannutti,bzannuttir9@cbc.ca,Male,Canada
983,Killie,Emanulsson,kemanulssonra@cornell.edu,Male,France
984,Lydon,Beardwell,lbeardwellrb@bloglovin.com,Male,Niger
985,Lorin,Cochet,lcochetrc@etsy.com,Male,Czech Republic
986,Brocky,Dunphy,bdunphyrd@europa.eu,Male,Indonesia
987,Lazar,Markova,lmarkovare@smugmug.com,Male,Norway
988,Anders,Gladtbach,agladtbachrf@google.pl,Male,South Africa
989,Kiah,Ranking,krankingrg@google.it,Female,Portugal
990,Jodie,Simpkins,jsimpkinsrh@goodreads.com,Male,Russia
991,Dorothea,Nardoni,dnardoniri@tuttocitta.it,Female,China
992,Wayne,Cavozzi,wcavozzirj@nytimes.com,Male,Syria
993,Kiele,Ferminger,kfermingerrk@ihg.com,Female,Jordan
994,Maddy,Keward,mkewardrl@cafepress.com,Male,Serbia
995,Gerianna,Canadas,gcanadasrm@netlog.com,Female,China
996,Odetta,Gernier,ogernierrn@360.cn,Female,Nigeria
997,Kimberlee,Sinnock,ksinnockro@phpbb.com,Female,United States
998,Eleanora,Kniveton,eknivetonrp@paginegialle.it,Female,Azerbaijan
999,Christean,Winspurr,cwinspurrrq@bravesites.com,Female,Guyana
1000,Gerardo,Baumler,gbaumlerrr@wunderground.com,Male,Morocco
